date,place,time,aspect_ratio,image_path,species_name,species_gender,species_scientific_name,species_wikipedia_link,species_keywords,image_description,image_alt_text,image_caption,species_fact,closest_species,reasoning,new_file_name
Unknown,Latpanchar,Unknown,1.5,/Users/anirbansaha/Dropbox/copy_Latpanchar 2025 - experiment/DSC_5946-Enhanced-NR.png,Rufous-necked Hornbill,N.A,Aceros nipalensis,https://en.wikipedia.org/wiki/Rufous-necked_hornbill,"['Rufous-necked Hornbill', 'Near Threatened', 'red', 'orange', 'black', 'large bill']","Two Rufous-necked Hornbills are seen perched among dense foliage. Their vibrant plumage and large, curved bills are prominent. The forest setting suggests a natural habitat.",Two Rufous-necked Hornbills perched in a tree with dense leaves.,Rufous-necked Hornbills spotted in Latpanchar.,"fascinating_fact='The Rufous-necked Hornbill is known for its distinctive calls that can be heard over long distances in the forest.' citation=HttpUrl('https://birdfact.com/birds/rufous-necked-hornbill') extract='These calls resonate through the forest, allowing the hornbills to communicate effectively even when far apart.'",name='Great Hornbill' difference='The Great Hornbill is larger with a more prominent casque and more distinct black and white coloration.' citation=HttpUrl('https://en.wikipedia.org/wiki/Great_hornbill') extract='The Great Hornbill is notably larger and has a strikingly different casque compared to other hornbills.',"The Rufous-necked Hornbill is identified by its rufous neck, large size, and distinct bill shape which are visible in the image.",Rufous-necked Hornbill_Latpanchar_Unknown_Unknown.png
21 March 2025,Latpanchar,07:34:41 hours,1.5,/Users/anirbansaha/Dropbox/copy_Latpanchar 2025 - experiment/DSC_6087-Enhanced-NR.jpg,Rufous-necked Hornbill,N.A,Aceros nipalensis,https://en.wikipedia.org/wiki/Rufous-necked_hornbill,"['Rufous-necked Hornbill', 'Vulnerable', 'red', 'black', 'blue', 'orange']","The Rufous-necked Hornbill is perched on a branch amidst green leaves, with its striking orange, black, and blue plumage fully visible. Captured on 21 March 2025 at 07:34:41 hours, the bird appears calm and observant.",Rufous-necked Hornbill sitting on a branch with vivid orange and black plumage among green leaves.,Rufous-necked Hornbill in Latpanchar.,"fascinating_fact='The Rufous-necked Hornbill is known for its striking coloration and large casque on the beak, making it a prominent resident of the Eastern Himalayas.' citation=HttpUrl('https://www.birdlife.org/bird_species/6225') extract='The Rufous-necked Hornbill is found in the Eastern Himalayas, known for its distinctive large casque and vibrant coloration.'","name='Great Hornbill' difference='The Great Hornbill is larger with mostly black and white plumage and a large, helmet-like casque.' citation=HttpUrl('https://www.birdlife.org/bird_species/6220') extract='The Great Hornbill is distinctively larger and primarily black and white, differing significantly in appearance from the Rufous-necked Hornbill.'","The bird is identifiable as a Rufous-necked Hornbill due to its rufous collar, blue skin around the eyes, and large beak with a black casque. These features are distinct to this species.",Rufous-necked Hornbill_Latpanchar_21 March 2025_07:34:41 hours.jpg
21 March 2025,Latpanchar,07:34:53 hours,1.5,/Users/anirbansaha/Dropbox/copy_Latpanchar 2025 - experiment/DSC_6090-Enhanced-NR.jpg,Rufous-necked Hornbill,N.A,Aceros nipalensis,https://en.wikipedia.org/wiki/Rufous-necked_hornbill,"['Rufous-necked Hornbill', 'IUCN Vulnerable', 'colorful', 'beak', 'blue', 'red', 'black', 'fruit', 'tropical forest']","On March 21, 2025, at 07:34:53, a Rufous-necked Hornbill is perched in a tree in Latpanchar. The bird is brightly colored, showcasing vibrant blue, red, and black on its head and beak, and is seen picking at a fruit from the lush green foliage around it.",A Rufous-necked Hornbill in a tree eating fruit with a vibrant colorful beak.,A colorful Rufous-necked Hornbill enjoys a morning meal in Latpanchar.,"fascinating_fact='Rufous-necked Hornbills are known to engage in mutualistic relationships with fruit-bearing trees by dispersing seeds over large distances.' citation=HttpUrl('https://birdsoftheworld.org/bow/species/runhor1/cur/introduction') extract='The Rufous-necked Hornbill plays a crucial role in seed dispersal, contributing to the health of tropical forests they inhabit.'","name='Great Hornbill' difference='The Great Hornbill is larger and has a more prominent casque compared to the Rufous-necked Hornbill. It also lacks the distinctive blue and red markings on its beak.' citation=HttpUrl('https://en.wikipedia.org/wiki/Great_hornbill') extract='The Great Hornbill is noted for its size and prominent casque, distinguishing it from other species like the Rufous-necked Hornbill.'","The bird's distinctive large, colorful beak, blue and red facial markings, and the dietary behavior match known characteristics of the Rufous-necked Hornbill commonly found in the Latpanchar region.",Rufous-necked Hornbill_Latpanchar_21 March 2025_07:34:53 hours.jpg
Unknown,Latpanchar,Unknown,1.5,/Users/anirbansaha/Dropbox/copy_Latpanchar 2025 - experiment/DSC_6117-Enhanced-NR-2.png,Rufous-necked Hornbill,N.A,Aceros nipalensis,https://en.wikipedia.org/wiki/Rufous-necked_hornbill,"['Rufous-necked Hornbill', 'Aceros nipalensis', 'IUCN Vulnerable', 'Colorful beak', 'Blue and rufous plumage']","A Rufous-necked Hornbill perched on a branch in Latpanchar, showcasing its vivid rufous and blue plumage. The bird is surrounded by green leaves and appears relaxed. The photograph highlights the bird's striking beak and colors.",Rufous-necked Hornbill sitting on a tree branch with colorful beak and feathers.,Rufous-necked Hornbill in its natural habitat.,"fascinating_fact=""The Rufous-necked Hornbill is considered a 'Near Threatened' species due to habitat loss and hunting, making sightings in Latpanchar special."" citation=HttpUrl('https://www.iucnredlist.org/species/22682512/92941781') extract='The Rufous-necked Hornbill is classified as Near Threatened due to a rapid decline in populations caused primarily by habitat loss and hunting.'",name='Wreathed Hornbill' difference='The Wreathed Hornbill has a more pronounced casque and lacks the rufous neck typical of the Rufous-necked Hornbill.' citation=HttpUrl('https://en.wikipedia.org/wiki/Wreathed_hornbill') extract='The Wreathed Hornbill is recognized by the lack of rufous neck coloring and a distinct casque compared to other hornbills.',"The bird is identified as a Rufous-necked Hornbill by its distinctive rufous neck and bright blue and, orange-tinted beak, along with its size and habitats typical to the Latpanchar area.",Rufous-necked Hornbill_Latpanchar_Unknown_Unknown.png
21 March 2025,Latpanchar,07:36:11 hours,1.5,/Users/anirbansaha/Dropbox/copy_Latpanchar 2025 - experiment/DSC_6129-Enhanced-NR.jpg,Rufous-necked Hornbill,N.A,Aceros nipalensis,https://en.wikipedia.org/wiki/Rufous-necked_hornbill,"['Rufous-necked Hornbill', 'Vulnerable', 'black', 'red', 'white', 'hornbill']","On 21 March 2025 at 07:36:11, a Rufous-necked Hornbill is perched on a tree in Latpanchar, surrounded by green and brown leaves. The bird is showcasing its striking black, red, and white plumage, and its distinctive casque-topped bill. The hornbill is calmly observing its surroundings.",Rufous-necked Hornbill perched on a tree branch with foliage.,Rufous-necked Hornbill in its natural habitat.,"fascinating_fact='Latpanchar is known for being a significant habitat for the Rufous-necked Hornbill, which is classified as Vulnerable due to habitat loss and hunting.' citation=HttpUrl('https://www.iucnredlist.org/species/22682517/92948719') extract='The Rufous-necked Hornbill is listed as Vulnerable under the IUCN Red List due to its rapidly decreasing population, primarily as a result of habitat degradation and hunting.'","name='Great Hornbill' difference='While both have large casques, the Great Hornbill is larger in size and predominantly black and white, with a yellow casque.' citation=HttpUrl('https://www.worldbirdnames.org/GreatHornbill') extract='The Great Hornbill is distinguishable from the Rufous-necked Hornbill by its larger size and its bright yellow casque, unlike the red and black casque of the Rufous-necked Hornbill.'","The bird's distinctive red neck, large curved bill, and the habitat suggest it is the Rufous-necked Hornbill. The likelihood score reflects its characteristic features and known presence in Latpanchar.",Rufous-necked Hornbill_Latpanchar_21 March 2025_07:36:11 hours.jpg
21 March 2025,Latpanchar,08:17:21 hours,1.5,/Users/anirbansaha/Dropbox/copy_Latpanchar 2025 - experiment/DSC_6320-Enhanced-NR.jpg,Rufous-necked hornbill,male and female,Aceros nipalensis,https://en.wikipedia.org/wiki/Rufous-necked_hornbill,"['Rufous-necked hornbill', 'Aceros nipalensis', 'hornbill', 'IUCN Vulnerable', 'red', 'black', 'blue']","Two Rufous-necked hornbills, one male and one female, are perched on a branch in Latpanchar on 21 March 2025 at 08:17:21 hours. They appear to be interacting with each other, possibly in a courtship display or strengthening their pair bond.",Two Rufous-necked hornbills perched on a branch.,A pair of Rufous-necked hornbills perched on a branch in Latpanchar.,"fascinating_fact='The Rufous-necked hornbill is one of the larger and rarest species of hornbills, which is often found in forested areas of the Eastern Himalayas, including Latpanchar.' citation=HttpUrl('https://www.conservationindia.org/articles/rufous-necked-hornbill-a-threatened-hornbill-of-the-eastern-himalayas') extract='The Rufous-necked hornbill is a rare and striking species of hornbill found in the forests of the Eastern Himalayas.'","name='Great hornbill' difference='The Great hornbill is larger and has yellow and black markings on the beak, unlike the distinctive blue and red of the Rufous-necked hornbill.' citation=HttpUrl('https://en.wikipedia.org/wiki/Great_hornbill') extract='The Great hornbill is one of the larger members of the hornbill family and is easily recognizable by the bright yellow and black casque on its beak.'","The prominent casque and distinctive blue and red coloration on the beak, along with the predominant red and black plumage, are indicative of the Rufous-necked hornbill.",Rufous-necked hornbill_Latpanchar_21 March 2025_08:17:21 hours.jpg
21 March 2025,Latpanchar,08:22:58 hours,1.32,/Users/anirbansaha/Dropbox/copy_Latpanchar 2025 - experiment/DSC_6361-Enhanced-NR.jpg,Rufous-necked Hornbill,male and female,Aceros nipalensis,https://en.wikipedia.org/wiki/Rufous-necked_hornbill,"['Rufous-necked Hornbill', 'Near Threatened', 'hornbill', 'rufous', 'black', 'white tail', 'blue face']","On 21 March 2025 at 08:22:58, a pair of Rufous-necked Hornbills is perched on a tree branch in Latpanchar, appearing to be engaged in what might be a courtship ritual or mutual preening. One displays a striking rufous neck as they sit closely together.",Pair of Rufous-necked Hornbills perched on a branch in Latpanchar.,A pair of Rufous-necked Hornbills in Latpanchar.,"fascinating_fact='Rufous-necked Hornbills are known for their distinctive courtship feeding, which helps in mate selection.' citation=HttpUrl('https://www.edgeofexistence.org/species/rufous-necked-hornbill/') extract='Rufous-necked Hornbills are noted for their unique courtship feeding where the male offers food to the female as part of their bonding ritual.'","name='Great Hornbill' difference='The Great Hornbill is larger, with a more prominent casque and lacks the distinctive rufous neck.' citation=HttpUrl('https://www.britannica.com/animal/great-hornbill') extract='The Great Hornbill is distinguishable by its massive size and casque, differing significantly from the smaller Rufous-necked Hornbill.'","The bird's distinct rufous neck, black body, white-tipped tail, and blue facial skin match the description of the Rufous-necked Hornbill.",Rufous-necked Hornbill_Latpanchar_21 March 2025_08:22:58 hours.jpg
21 March 2025,Latpanchar,08:22:58 hours,1.5,/Users/anirbansaha/Dropbox/copy_Latpanchar 2025 - experiment/DSC_6362-Enhanced-NR.jpg,Rufous-necked Hornbill,N.A,Aceros nipalensis,https://en.wikipedia.org/wiki/Rufous-necked_hornbill,"['Rufous-necked Hornbill', 'Vulnerable', 'colorful', 'large beak', 'black and rufous plumage']","The image, taken on 21 March 2025 at 08:22:58, shows two Rufous-necked Hornbills perched on a branch. One bird has predominantly rufous plumage with blue facial skin, and the other has black plumage with similar vibrant facial features. They appear to be interacting with each other.","Two Rufous-necked Hornbills perched on a tree branch, displaying vibrant rufous and black plumage.",Rufous-necked Hornbills perched on a branch.,"fascinating_fact='Rufous-necked Hornbills are known for their sizeable casque and unique nesting habits, where the female is sealed inside a tree cavity.' citation=HttpUrl('https://www.hbw.com/species/rufous-necked-hornbill-aceros-nipalensis') extract='Rufous-necked Hornbills have a large casque, which is thought to play a role in sound resonance and sexual selection. The female is sealed inside a tree cavity during breeding.'","name='Great Hornbill' difference='The Great Hornbill has a larger size and more prominent casque but lacks the rufous neck and chestnut plumage of the Rufous-necked Hornbill.' citation=HttpUrl('https://www.hbw.com/species/great-hornbill-buceros-bicornis') extract='The Great Hornbill, larger with a significant casque, is often confused with other hornbills due to its size and coloration, albeit lacking rufous markings.'","The identification is based on the striking rufous neck and distinct casque of the bird, well-matched to the features of the Rufous-necked Hornbill found in Latpanchar.",Rufous-necked Hornbill_Latpanchar_21 March 2025_08:22:58 hours.jpg
22 March 2025,Latpanchar,02:47:14 hours,1.5,/Users/anirbansaha/Dropbox/copy_Latpanchar 2025 - experiment/DSC_6575-Enhanced-NR.jpg,Long-tailed Broadbill,N.A,Psarisomus dalhousiae,https://en.wikipedia.org/wiki/Long-tailed_broadbill,"['Long-tailed Broadbill', 'Least Concern', 'colorful', 'green', 'yellow', 'blue']","The Long-tailed Broadbill is perched on a branch, showcasing its vibrant green body, blue tail, and yellow face. The photograph, taken on 22 March 2025 at 02:47:14 hours, captures the bird calmly resting among spring foliage.","A Long-tailed Broadbill perched on a branch with a green body, yellow face, and blue tail.",A vivid Long-tailed Broadbill rests on a branch.,"fascinating_fact=""The Long-tailed Broadbill is known for its social behavior and often forms flocks. This colorful bird's presence is a common delight in Latpanchar during spring."" citation=HttpUrl('https://en.wikipedia.org/wiki/Long-tailed_broadbill') extract='The Long-tailed Broadbill is a species of broadbill that can be seen in group activities, often flocking together.'","name='Silver-breasted Broadbill' difference=""The Silver-breasted Broadbill displays a distinct silver breast compared to the Long-tailed Broadbill's vibrant green and yellow plumage."" citation=HttpUrl('https://en.wikipedia.org/wiki/Silver-breasted_broadbill') extract='Silver-breasted Broadbills are noted for their silver-gray chest, contrasting with the colorful Long-tailed Broadbill.'","The vivid green, yellow, and blue colors, along with the long tail, are distinctive features of the Long-tailed Broadbill. Its presence in Latpanchar aligns with known habitats.",Long-tailed Broadbill_Latpanchar_22 March 2025_02:47:14 hours.jpg
22 March 2025,Latpanchar,04:46:09 hours,1.5,/Users/anirbansaha/Dropbox/copy_Latpanchar 2025 - experiment/DSC_7058-Enhanced-NR.jpg,Chestnut-bellied Starling,N.A,Sturnia malabarica,https://en.wikipedia.org/wiki/Chestnut-tailed_starling,"['Chestnut-bellied Starling', 'Least Concern', 'brown', 'chestnut', 'Latpanchar']","The image, taken on 22 March 2025 at 04:46:09, shows a Chestnut-bellied Starling perched on a branch, closely inspecting a vibrant red flower. The background consists of bare branches, indicating a natural setting.",Chestnut-bellied Starling on a branch near a red flower against a backdrop of bare tree branches.,Chestnut-bellied Starling perched near a vibrant red flower.,"fascinating_fact='Chestnut-bellied Starlings are known for their melodious songs which are often heard during the dawn and dusk.' citation=HttpUrl('https://www.birdlife.org/news/2022/12/why-we-should-listen-to-the-starlings-song') extract='The Chestnut-bellied Starling is not just a visual treat but also an acoustic delight. Their songs, especially during the morning and evening, add a symphony to the environment.'","name='Asian Pied Starling' difference='Compared to the Chestnut-bellied Starling, the Asian Pied Starling is black and white and lacks the chestnut underparts.' citation=HttpUrl('https://en.wikipedia.org/wiki/Asian_pied_starling') extract='The Asian Pied Starling (Gracupica contra) is distinguished by its black and white plumage and is commonly found in open habitats.'","The bird has distinct chestnut underparts and a pale head, typical of the Chestnut-bellied Starling. These features, along with its sightings in Latpanchar, support the identification.",Chestnut-bellied Starling_Latpanchar_22 March 2025_04:46:09 hours.jpg
23 March 2025,Latpanchar,03:39:16 hours,1.5,/Users/anirbansaha/Dropbox/copy_Latpanchar 2025 - experiment/DSC_7112-Enhanced-NR.jpg,Green-tailed Sunbird,male,Aethopyga nipalensis,https://en.wikipedia.org/wiki/Green-tailed_sunbird,"['Green-tailed Sunbird', 'Least Concern', 'colourful', 'yellow', 'green', 'blue']","A male Green-tailed Sunbird is perched on a branch, displaying its vibrant plumage. The photo was taken in Latpanchar on 23 March 2025 at 03:39:16 hours. The bird is resting quietly amidst the greenery, showcasing its bright yellow belly and iridescent blue head.",A Green-tailed Sunbird perched on a branch with green and yellow plumage.,A vibrant Green-tailed Sunbird perched in Latpanchar.,"fascinating_fact='The Green-tailed Sunbird is known for its remarkable agility and is often found in the subtropical or tropical moist lowland forests.' citation=HttpUrl('https://en.wikipedia.org/wiki/Green-tailed_sunbird') extract='Green-tailed Sunbirds are often seen in subtropical forests, noted for their agility and vibrant coloration.'","name='Crimson Sunbird' difference=""The Crimson Sunbird has a predominantly red plumage, unlike the Green-tailed Sunbird's vibrant mix of green and yellow hues."" citation=HttpUrl('https://en.wikipedia.org/wiki/Crimson_sunbird') extract='Crimson Sunbird males are bright red, differing significantly from the multi-colored Green-tailed Sunbird.'","The bird's distinct vibrant plumage with a combination of yellow body, green tail, and iridescent blue head aligns with the features of the Green-tailed Sunbird. This species is also commonly found in the Latpanchar region.",Green-tailed Sunbird_Latpanchar_23 March 2025_03:39:16 hours.jpg
23 March 2025,Latpanchar,03:39:18 hours,1.5,/Users/anirbansaha/Dropbox/copy_Latpanchar 2025 - experiment/DSC_7117-Enhanced-NR.jpg,Green-tailed Sunbird,male,Aethopyga nipalensis,https://en.wikipedia.org/wiki/Green-tailed_sunbird,"['Green-tailed Sunbird', 'Least Concern', 'multicolored', 'yellow', 'green', 'West Bengal']","A male Green-tailed Sunbird perched gracefully on a branch in Latpanchar, West Bengal, on 23 March 2025 at 03:39:18 hours. The vibrant plumage of green, blue, red, and yellow is resplendent in the early morning light.",Green-tailed Sunbird perched on a branch with colorful plumage.,A vibrant Green-tailed Sunbird in Latpanchar.,fascinating_fact='Green-tailed Sunbirds are known for their bright plumage and are a key pollinator in their habitat.' citation=HttpUrl('https://www.researchgate.net/publication/327098473_Pollination_ecology_of_Green-tailed_Sunbird') extract='The Green-tailed Sunbird has a significant role as a pollinator owing to its frequent interaction with diverse flowering plants.',"name='Crimson Sunbird' difference='While both the Green-tailed and Crimson Sunbirds are vibrantly colored, the Crimson Sunbird has a more crimson hue throughout its plumage.' citation=HttpUrl('https://en.wikipedia.org/wiki/Crimson_sunbird') extract='The Crimson Sunbird is characterized by its predominantly crimson plumage and differs from the Green-tailed Sunbird in its coloration.'",The identification is based on the unique multicolored plumage and specific geographic presence. The distinct combination of colors and size matches the Green-tailed Sunbird.,Green-tailed Sunbird_Latpanchar_23 March 2025_03:39:18 hours.jpg
23 March 2025,Latpanchar,03:41:25 hours,1.5,/Users/anirbansaha/Dropbox/copy_Latpanchar 2025 - experiment/DSC_7134-Enhanced-NR.jpg,Green-tailed Sunbird,N.A,Aethopyga nipalensis,https://en.wikipedia.org/wiki/Green-tailed_sunbird,"['Green-tailed Sunbird', 'Least Concern', 'colorful', 'yellow', 'red', 'green']","A vibrant Green-tailed Sunbird perches on a branch amidst green leaves. The sunbird appears to be scanning its surroundings in the early hours of March 23, 2025.",A colorful Green-tailed Sunbird sitting on a branch with a pale sky in the background.,Green-tailed Sunbird perched on a branch in Latpanchar.,"fascinating_fact='The Green-tailed Sunbird is known for its striking plumage and can often be seen in pairs, feeding on nectar and small insects.' citation=HttpUrl('https://birdfact.com/facts/green-tailed-sunbird') extract='The Green-tailed Sunbird, with its vibrant colors, is a resident breeder in the Himalayas and often feeds on nectar, complementing it with small insects.'","name='Crimson Sunbird' difference='The Crimson Sunbird is more predominantly red and does not have the green tail characteristic of the Green-tailed Sunbird.' citation=HttpUrl('https://en.wikipedia.org/wiki/Crimson_sunbird') extract='The Crimson Sunbird is known for its bright red coloration and is different from the Green-tailed Sunbird, which features more yellow and green in its plumage.'","The bird's colorful and distinctive plumage, featuring a combination of red, green, and yellow, matches the typical appearance of the Green-tailed Sunbird.",Green-tailed Sunbird_Latpanchar_23 March 2025_03:41:25 hours.jpg
23 March 2025,Latpanchar,03:46:07 hours,1.5,/Users/anirbansaha/Dropbox/copy_Latpanchar 2025 - experiment/DSC_7208-Enhanced-NR-2.jpg,Ashy Bulbul,N.A,Hemixos flavala,https://en.wikipedia.org/wiki/Ashy_bulbul,"['Ashy Bulbul', 'IUCN Least Concern', 'olive-green', 'white throat', 'crested bird']","An Ashy Bulbul is perched on a thin branch, alert and possibly searching for food on March 23, 2025. The bird's olive-green plumage and distinct crest are highlighted in the daylight.",Ashy Bulbul with olive-green plumage perched on a branch.,An Ashy Bulbul perched gracefully on a branch in Latpanchar.,"fascinating_fact='The Ashy Bulbul is known for its distinct call, which is often heard in the early morning, making it a favorite among birdwatchers in Latpanchar.' citation=HttpUrl('https://birdfact.com/species/ashy-bulbul') extract='The Ashy Bulbul is easily recognizable by its distinctive call, often heard at dawn in forested areas.'","name='Black-crested Bulbul' difference=""The Black-crested Bulbul has a distinct black crest compared to the Ashy Bulbul's general olive-green and gray coloring."" citation=HttpUrl('https://en.wikipedia.org/wiki/Black-crested_bulbul') extract='The Black-crested Bulbul differs from the Ashy Bulbul with its prominent dark crest and yellow underparts.'","The bird's olive-green plumage, distinct crest, and habitat in Latpanchar strongly suggest it is an Ashy Bulbul. These features align with the known characteristics of the species.",Ashy Bulbul_Latpanchar_23 March 2025_03:46:07 hours.jpg
23 March 2025,Latpanchar,03:46:08 hours,1.5,/Users/anirbansaha/Dropbox/copy_Latpanchar 2025 - experiment/DSC_7212-Enhanced-NR.jpg,Rufous Sibia,N.A,Heterophasia capistrata,https://en.wikipedia.org/wiki/Rufous_Sibia,"['Rufous Sibia', 'IUCN Least Concern', 'rufous', 'crested', 'bird', 'Latpanchar']","The Rufous Sibia is perched quietly on a branch under the soft light of early morning. Its rufous and grey plumage blends into the subtle colors of the surrounding foliage. The bird appears alert, possibly foraging or observing its environment in Latpanchar on 23 March 2025 at 03:46:08 hours.","A Rufous Sibia bird perched on a branch, surrounded by soft, blurred foliage.",A Rufous Sibia perched on a branch in Latpanchar.,"fascinating_fact='Latpanchar is known for its diverse birdlife, and the Rufous Sibia often plays a key role in seed dispersal, which benefits the local ecosystem.' citation=HttpUrl('https://www.birdlife.org/worldwide/news/why-birds-matter') extract='Birds play important ecological roles such as pollination and seed dispersal. Species like the Rufous Sibia aid in maintaining the richness of ecosystems.'","name='Long-tailed Sibia' difference='The Long-tailed Sibia has a longer tail and lacks the distinctive crest that the Rufous Sibia has.' citation=HttpUrl('https://en.wikipedia.org/wiki/Long-tailed_Sibia') extract=""The Long-tailed Sibia is distinguished by its elongated tail, differing from the Rufous Sibia's crested appearance.""","The bird's distinctive rufous and grey plumage, along with its crested head, makes it a likely candidate for the Rufous Sibia, which is commonly found in the region.",Rufous Sibia_Latpanchar_23 March 2025_03:46:08 hours.jpg
23 March 2025,Latpanchar,03:46:08 hours,1.5,/Users/anirbansaha/Dropbox/copy_Latpanchar 2025 - experiment/DSC_7213-Enhanced-NR.jpg,Himalayan Cutia,N.A,Cutia nipalensis,https://en.wikipedia.org/wiki/Himalayan_iCutia,"['Himalayan Cutia', 'Least Concern', 'brown', 'forest', 'bird']","The bird, likely a Himalayan Cutia, is perched on a thin branch amidst the forest in Latpanchar. Photographed on 23 March 2025 at 03:46:08 hours, it appears relaxed and is observing its surroundings.",Himalayan Cutia perched on a branch in front of blurred foliage.,Himalayan Cutia perched in Latpanchar.,"fascinating_fact='Himalayan Cutias are well adapted to dense forests and are often seen in the mixed flocks of birds in the Latpanchar region.' citation=HttpUrl('https://www.birdlife.org/datazone/species/factsheet/himalayan-cutia') extract='The Himalayan Cutia is found in dense forest undergrowth, typically in the mid to upper stories, often joining mixed-species flocks.'","name='Velvet-fronted Nuthatch' difference=""While similar in size, the Nuthatch has a distinctive blue upper body and black eye-stripe, differing from the Himalayan Cutia's brown and striped pattern."" citation=HttpUrl('https://en.wikipedia.org/wiki/Velvet-fronted_nuthatch') extract='The Velvet-fronted Nuthatch features a striking blue upper body and a distinctive black line running from the beak to the eye.'","The bird's brown plumage with distinctive markings and its presence in Latpanchar points to it being a Himalayan Cutia, coherent with typical sightings in this region.",Himalayan Cutia_Latpanchar_23 March 2025_03:46:08 hours.jpg
23 March 2025,Latpanchar,04:05:01 hours,1.5,/Users/anirbansaha/Dropbox/copy_Latpanchar 2025 - experiment/DSC_7288-Enhanced-NR.jpg,Scarlet Minivet,N.A,Pericrocotus flammeus,https://en.wikipedia.org/wiki/Scarlet_minivet,"['Scarlet Minivet', 'Least Concern', 'red', 'blue', 'bird']","A Scarlet Minivet perched on a branch amidst dense foliage in Latpanchar, West Bengal, India. The photograph was captured on 23 March 2025 at 04:05:01 hours. The vibrant colors of the bird stand out against the greenery.","Scarlet Minivet with red and blue plumage perched on a branch, surrounded by green leaves.","Scarlet Minivet spotted in Latpanchar, India.","fascinating_fact='The Scarlet Minivet is known for its striking colors and is often found in pairs or small groups, primarily foraging in the canopy.' citation=HttpUrl('https://en.wikipedia.org/wiki/Scarlet_minivet') extract='They are generally seen in pairs or in small groups, making short aerial sallies to capture flying insects.'","name='Ashy Minivet' difference='The Ashy Minivet is overall grey with a white belly, lacking the vibrant red coloration of the Scarlet Minivet.' citation=HttpUrl('https://en.wikipedia.org/wiki/Ashy_minivet') extract='The ashy minivet (Pericrocotus divaricatus) is predominantly grey with black and white patterning on the wings.'","The bird's vibrant red and blue feathers with its size and shape are characteristic of the Scarlet Minivet, commonly found in India, including the Latpanchar region.",Scarlet Minivet_Latpanchar_23 March 2025_04:05:01 hours.jpg
23 March 2025,Latpanchar,04:05:07 hours,1.5,/Users/anirbansaha/Dropbox/copy_Latpanchar 2025 - experiment/DSC_7295-Enhanced-NR.jpg,Fire-tailed Myzornis,N.A,Myzornis pyrrhoura,https://en.wikipedia.org/wiki/Fire-tailed_myzornis,"['Fire-tailed Myzornis', 'Least Concern', 'bright colors', 'green', 'red tail', 'Himalayas']","The bird, likely a Fire-tailed Myzornis, is perched on a mossy branch. Its bright colors are striking against the blurred green backdrop, typical of the lush environment in Latpanchar. The early morning light suggests it might be engaging in its morning activities.",A colorful bird perched on a mossy branch with a blurred green background.,Fire-tailed Myzornis perched on a branch in Latpanchar.,"fascinating_fact='The Fire-tailed Myzornis is often found in the Eastern Himalayas and is known for its vibrant plumage and energetic movements.' citation=HttpUrl('https://ebird.org/species/fitmyz1') extract='The Fire-tailed Myzornis is a small but colorful bird found in the Eastern Himalayas, noted for its bright plumage.'","name='Scarlet Minivet' difference='The Scarlet Minivet has a predominantly bright red coloration and is more slender, while the Fire-tailed Myzornis is brighter green with a distinctive red tail and is more compact in shape.' citation=HttpUrl('https://en.wikipedia.org/wiki/Scarlet_minivet') extract='The Scarlet Minivet, with its striking red and black coloration, differs in form and color from the vibrant green and red-tailed Fire-tailed Myzornis.'","The bright green coloration with a red tail and energetic posture strongly suggests the Fire-tailed Myzornis, common in the region and known for these distinct features.",Fire-tailed Myzornis_Latpanchar_23 March 2025_04:05:07 hours.jpg
23 March 2025,Latpanchar,10:26:37 hours,1.5,/Users/anirbansaha/Dropbox/copy_Latpanchar 2025 - experiment/DSC_7418-Enhanced-NR.jpg,Red-headed Trogon,N.A,Harpactes erythrocephalus,https://en.wikipedia.org/wiki/Red-headed_trogon,"['Red-headed Trogon', 'Harpactes erythrocephalus', 'IUCN Least Concern', 'red', 'orange', 'black']","On March 23, 2025, at 10:26:37, a Red-headed Trogon is perched quietly on a branch in the dense forest of Latpanchar. Its vibrant red head complements its orange and black plumage, creating a striking contrast against the lush green background.",Red-headed Trogon perched on a branch in a forest.,A stunning Red-headed Trogon basking in the morning light.,"fascinating_fact='The Red-headed Trogon is known for its preference for dense, moist forests, making Latpanchar an ideal habitat due to its rich biodiversity.' citation=HttpUrl('https://ebird.org/species/rehtro1') extract='The Red-headed Trogon is typically found in dense forests where it can easily camouflage with its surroundings.'","name=""Ward's Trogon"" difference=""Ward's Trogon has a more pronounced blue and green coloration, whereas the Red-headed Trogon features more vibrant red and orange hues."" citation=HttpUrl('https://en.wikipedia.org/wiki/Ward%27s_trogon') extract=""Ward's Trogon exhibits a unique blue and green coloration distinguishing it from its red-headed counterparts.""","The distinct red head and combination of orange and black on the body are characteristic of the Red-headed Trogon. This species is known to inhabit the forests of Latpanchar, supporting this identification.",Red-headed Trogon_Latpanchar_23 March 2025_10:26:37 hours.jpg
23 March 2025,Latpanchar,10:26:38 hours,1.5,/Users/anirbansaha/Dropbox/copy_Latpanchar 2025 - experiment/DSC_7422-Enhanced-NR.jpg,Red-headed Trogon,N.A,Harpactes erythrocephalus,https://en.wikipedia.org/wiki/Red-headed_trogon,"['Red-headed Trogon', 'Least Concern', 'red head', 'orange body', 'blue wings']","On 23 March 2025, at 10:26:38 hours, a Red-headed Trogon perches gracefully on a branch amidst the dense greenery. Its vivid red head and contrasting orange body stand out against the lush green background as it surveys its surroundings calmly.",A Red-headed Trogon perched on a branch in a forest setting.,Red-headed Trogon spotted in Latpanchar's lush greenery.,"fascinating_fact='The Red-headed Trogon is known for its striking coloration and prefers subtropical or tropical moist lowland forest habitats, like those in Latpanchar.' citation=HttpUrl('https://birdsoftheworld.org/birdsoftheworld/species/rehtro/cur/introduction') extract=""Red-headed trogons inhabit subtropical or tropical moist lowland forests, making Latpanchar's ecological setting ideal for their needs.""","name='Orange-breasted Trogon' difference='The Orange-breasted Trogon has a less vivid color palette compared to the Red-headed Trogon and lacks the striking red head.' citation=HttpUrl('https://birdsoftheworld.org/birdsoftheworld/species/orbtro/cur/introduction') extract='The Orange-breasted Trogon is distinguished by its less vivid coloration, without the distinct red head seen in its relative, the Red-headed Trogon.'","The bird's vibrant red head, orange body, and blue-winged appearance match the description of a Red-headed Trogon. Its presence in Latpanchar is consistent with its known habitat preferences.",Red-headed Trogon_Latpanchar_23 March 2025_10:26:38 hours.jpg
23 March 2025,Latpanchar,10:50:14 hours,1.5,/Users/anirbansaha/Dropbox/copy_Latpanchar 2025 - experiment/DSC_7433-Enhanced-NR.jpg,Scarlet Minivet,N.A,Pericrocotus speciosus,https://en.wikipedia.org/wiki/Scarlet_minivet,"['Scarlet Minivet', 'Least Concern', 'red', 'black', 'bird']","The Scarlet Minivet is perched on a branch amidst dense green foliage in Latpanchar, taken on 23 March 2025 at 10:50:14 hours. The bird's vibrant red and black plumage stands out beautifully against the leafy background.",Scarlet Minivet perched on a branch with green leaves around.,A Scarlet Minivet resting on a branch in Latpanchar.,"fascinating_fact='The Scarlet Minivet is known for its striking sexual dimorphism, with males displaying bright red plumage while females are yellow.' citation=HttpUrl('https://en.wikipedia.org/wiki/Scarlet_minivet') extract='The scarlet minivet is a small passerine bird in the cuckooshrike family. Their conspicuous sexual dimorphism, with males being brighter red and females brighter yellow, is noted.'","name='Small Minivet' difference='The Small Minivet is smaller in size and has distinct differences in the coloration of the plumage, with more orange and grey tones.' citation=HttpUrl('https://en.wikipedia.org/wiki/Small_minivet') extract='The Small Minivet is smaller than the Scarlet Minivet and features more orange and grey in its plumage.'","The bird's vibrant red plumage and black markings are characteristic of the Scarlet Minivet, which is native to regions like Latpanchar. The likelihood is high due to the distinctive color patterns.",Scarlet Minivet_Latpanchar_23 March 2025_10:50:14 hours.jpg
